{"cameraMode":{"drawMode":0,"name":"Shaded","section":"Shading Mode"},"sceneLighting":true,"audioPlay":false,"sceneViewState":{"m_AlwaysRefresh":false,"showFog":true,"showSkybox":true,"showFlares":true,"showImageEffects":true,"showParticleSystems":true,"showVisualEffectGraphs":true,"m_FxEnabled":true},"in2DMode":false,"pivot":{"x":-0.45848047733306887,"y":5.980144500732422,"z":-5.606313705444336},"rotation":{"x":0.03223317116498947,"y":0.7197816371917725,"z":-0.033492524176836017,"w":0.6926534175872803},"size":2.2058475017547609,"orthographic":true}